capacity,episodes,reward
1M,0,200.0
1M,1,200.0
1M,2,200.0
1M,3,200.0
1M,4,200.0
1M,5,200.0
1M,6,300.0
1M,7,200.0
1M,8,150.0
1M,9,150.0
1M,10,120.0
1M,11,120.0
1M,12,100.0
1M,13,100.0
1M,14,85.71428571428571
1M,15,85.71428571428571
1M,16,85.71428571428571
1M,17,85.71428571428571
1M,18,85.71428571428571
1M,19,85.71428571428571
1M,20,112.5
1M,21,100.0
1M,22,100.0
1M,23,90.0
1M,24,81.81818181818181
1M,25,75.0
1M,26,75.0
1M,27,69.23076923076923
1M,28,64.28571428571429
1M,29,64.28571428571429
1M,30,60.0
1M,31,60.0
1M,32,56.25
1M,33,56.25
1M,34,56.25
1M,35,56.25
1M,36,70.58823529411765
1M,37,70.58823529411765
1M,38,72.22222222222223
1M,39,68.42105263157895
1M,40,68.42105263157895
1M,41,65.0
1M,42,65.0
1M,43,65.0
1M,44,65.0
1M,45,76.19047619047619
1M,46,76.19047619047619
1M,47,76.19047619047619
1M,48,76.19047619047619
1M,49,76.19047619047619
1M,50,81.81818181818181
1M,51,82.6086956521739
1M,52,82.6086956521739
1M,53,83.33333333333333
1M,54,83.33333333333333
1M,55,83.33333333333333
1M,56,83.33333333333333
1M,57,83.33333333333333
1M,58,88.0
1M,59,88.0
1M,60,88.0
1M,61,88.0
1M,62,88.0
1M,63,96.15384615384616
1M,64,96.15384615384616
1M,65,92.5925925925926
1M,66,92.5925925925926
1M,67,92.5925925925926
1M,68,92.5925925925926
1M,69,100.0
1M,70,100.0
1M,71,96.55172413793103
1M,72,93.33333333333333
1M,73,93.33333333333333
1M,74,93.54838709677419
1M,75,93.54838709677419
1M,76,93.54838709677419
1M,77,93.54838709677419
1M,78,100.0
1M,79,100.0
1M,80,100.0
1M,81,100.0
1M,82,106.06060606060606
1M,83,106.06060606060606
1M,84,106.06060606060606
1M,85,106.06060606060606
1M,86,106.06060606060606
1M,87,108.82352941176471
1M,88,105.71428571428571
1M,89,105.71428571428571
1M,90,105.71428571428571
1M,91,105.71428571428571
1M,92,105.71428571428571
1M,93,105.55555555555556
1M,94,102.70270270270271
1M,95,102.70270270270271
1M,96,100.0
1M,97,100.0
1M,98,97.43589743589743
1M,99,97.43589743589743
1M,100,97.43589743589743
1M,101,97.43589743589743
1M,102,100.0
1M,103,100.0
1M,104,100.0
1M,105,100.0
1M,106,104.8780487804878
1M,107,104.8780487804878
1M,108,102.38095238095238
1M,109,102.32558139534883
1M,110,102.32558139534883
1M,111,102.32558139534883
1M,112,102.32558139534883
1M,113,102.32558139534883
1M,114,102.27272727272727
1M,115,102.27272727272727
1M,116,102.27272727272727
1M,117,102.22222222222223
1M,118,102.22222222222223
1M,119,102.17391304347827
1M,120,102.17391304347827
1M,121,102.17391304347827
1M,122,102.17391304347827
1M,123,104.25531914893617
1M,124,102.08333333333333
1M,125,102.08333333333333
1M,126,102.08333333333333
1M,127,102.08333333333333
1M,128,102.08333333333333
1M,129,106.12244897959184
1M,130,104.0
1M,131,104.0
1M,132,103.92156862745098
1M,133,103.92156862745098
1M,134,103.92156862745098
1M,135,105.76923076923077
1M,136,103.77358490566037
1M,137,103.77358490566037
1M,138,103.70370370370371
1M,139,103.70370370370371
1M,140,103.70370370370371
1M,141,105.45454545454545
1M,142,105.45454545454545
1M,143,105.45454545454545
1M,144,105.45454545454545
1M,145,108.92857142857143
1M,146,107.01754385964912
1M,147,107.01754385964912
1M,148,107.01754385964912
1M,149,107.01754385964912
1M,150,107.01754385964912
1M,151,110.34482758620689
1M,152,110.34482758620689
1M,153,110.34482758620689
1M,154,110.34482758620689
1M,155,110.16949152542372
1M,156,110.16949152542372
1M,157,110.16949152542372
1M,158,110.16949152542372
1M,159,110.16949152542372
1M,160,111.66666666666667
1M,161,109.8360655737705
1M,162,109.8360655737705
1M,163,108.06451612903226
1M,164,108.06451612903226
1M,165,108.06451612903226
1M,166,108.06451612903226
1M,167,108.06451612903226
1M,168,109.52380952380952
1M,169,109.52380952380952
1M,170,109.52380952380952
1M,171,107.8125
1M,172,107.8125
1M,173,107.8125
1M,174,107.8125
1M,175,110.76923076923077
1M,176,110.76923076923077
1M,177,110.76923076923077
1M,178,110.76923076923077
1M,179,112.12121212121212
1M,180,112.12121212121212
1M,181,111.94029850746269
1M,182,111.94029850746269
1M,183,111.76470588235294
1M,184,110.14492753623189
1M,185,110.14492753623189
1M,186,108.57142857142857
1M,187,108.57142857142857
1M,188,107.04225352112677
1M,189,107.04225352112677
1M,190,106.94444444444444
1M,191,106.94444444444444
1M,192,106.94444444444444
1M,193,106.94444444444444
1M,194,108.21917808219177
1M,195,108.21917808219177
1M,196,108.21917808219177
1M,197,108.21917808219177
500k,0,100.0
500k,1,100.0
500k,2,100.0
500k,3,100.0
500k,4,100.0
500k,5,100.0
500k,6,200.0
500k,7,200.0
500k,8,166.66666666666666
500k,9,166.66666666666666
500k,10,125.0
500k,11,100.0
500k,12,83.33333333333333
500k,13,83.33333333333333
500k,14,83.33333333333333
500k,15,83.33333333333333
500k,16,83.33333333333333
500k,17,114.28571428571429
500k,18,114.28571428571429
500k,19,114.28571428571429
500k,20,125.0
500k,21,125.0
500k,22,125.0
500k,23,125.0
500k,24,111.11111111111111
500k,25,111.11111111111111
500k,26,111.11111111111111
500k,27,120.0
500k,28,120.0
500k,29,118.18181818181819
500k,30,118.18181818181819
500k,31,118.18181818181819
500k,32,118.18181818181819
500k,33,133.33333333333334
500k,34,133.33333333333334
500k,35,133.33333333333334
500k,36,133.33333333333334
500k,37,138.46153846153845
500k,38,138.46153846153845
500k,39,128.57142857142858
500k,40,128.57142857142858
500k,41,128.57142857142858
500k,42,128.57142857142858
500k,43,133.33333333333334
500k,44,133.33333333333334
500k,45,133.33333333333334
500k,46,133.33333333333334
500k,47,133.33333333333334
500k,48,133.33333333333334
500k,49,133.33333333333334
500k,50,150.0
500k,51,150.0
500k,52,150.0
500k,53,150.0
500k,54,150.0
500k,55,141.1764705882353
500k,56,141.1764705882353
500k,57,141.1764705882353
500k,58,141.1764705882353
500k,59,141.1764705882353
500k,60,141.1764705882353
500k,61,150.0
500k,62,142.10526315789474
500k,63,142.10526315789474
500k,64,140.0
500k,65,140.0
500k,66,133.33333333333334
500k,67,127.27272727272727
500k,68,127.27272727272727
500k,69,126.08695652173913
500k,70,125.0
500k,71,125.0
500k,72,120.0
500k,73,120.0
500k,74,120.0
500k,75,123.07692307692308
500k,76,123.07692307692308
500k,77,123.07692307692308
500k,78,123.07692307692308
500k,79,129.62962962962962
500k,80,129.62962962962962
500k,81,129.62962962962962
500k,82,132.14285714285714
500k,83,132.14285714285714
500k,84,132.14285714285714
500k,85,127.58620689655173
500k,86,127.58620689655173
500k,87,127.58620689655173
500k,88,127.58620689655173
500k,89,130.0
500k,90,130.0
500k,91,130.0
500k,92,132.25806451612902
500k,93,132.25806451612902
500k,94,132.25806451612902
500k,95,134.375
500k,96,134.375
500k,97,133.33333333333334
500k,98,133.33333333333334
500k,99,133.33333333333334
500k,100,133.33333333333334
500k,101,135.2941176470588
500k,102,135.2941176470588
500k,103,135.2941176470588
500k,104,135.2941176470588
500k,105,135.2941176470588
500k,106,140.0
500k,107,140.0
500k,108,140.0
500k,109,140.0
500k,110,141.66666666666666
500k,111,141.66666666666666
500k,112,141.66666666666666
500k,113,141.66666666666666
500k,114,143.24324324324326
500k,115,143.24324324324326
500k,116,143.24324324324326
500k,117,143.24324324324326
500k,118,143.24324324324326
500k,119,144.73684210526315
500k,120,144.73684210526315
500k,121,144.73684210526315
500k,122,144.73684210526315
500k,123,148.71794871794873
500k,124,148.71794871794873
500k,125,148.71794871794873
500k,126,145.0
500k,127,145.0
500k,128,145.0
500k,129,145.0
500k,130,146.34146341463415
500k,131,146.34146341463415
500k,132,145.23809523809524
500k,133,145.23809523809524
500k,134,145.23809523809524
500k,135,145.23809523809524
500k,136,146.51162790697674
500k,137,146.51162790697674
500k,138,146.51162790697674
500k,139,146.51162790697674
500k,140,146.51162790697674
500k,141,147.72727272727272
500k,142,147.72727272727272
500k,143,146.66666666666666
500k,144,143.47826086956522
500k,145,143.47826086956522
500k,146,142.5531914893617
500k,147,142.5531914893617
500k,148,139.58333333333334
500k,149,139.58333333333334
500k,150,139.58333333333334
500k,151,139.58333333333334
500k,152,140.81632653061226
500k,153,138.0
500k,154,138.0
500k,155,135.2941176470588
500k,156,135.2941176470588
500k,157,132.69230769230768
500k,158,132.69230769230768
500k,159,132.69230769230768
500k,160,133.96226415094338
500k,161,133.96226415094338
500k,162,135.1851851851852
500k,163,135.1851851851852
500k,164,134.54545454545453
500k,165,134.54545454545453
500k,166,134.54545454545453
500k,167,134.54545454545453
500k,168,134.54545454545453
500k,169,134.54545454545453
500k,170,134.54545454545453
500k,171,139.28571428571428
500k,172,139.28571428571428
500k,173,139.28571428571428
500k,174,139.28571428571428
500k,175,139.28571428571428
500k,176,139.28571428571428
500k,177,139.28571428571428
500k,178,139.28571428571428
500k,179,142.10526315789474
500k,180,142.10526315789474
500k,181,142.10526315789474
500k,182,142.10526315789474
500k,183,142.10526315789474
500k,184,142.10526315789474
500k,185,142.10526315789474
500k,186,142.10526315789474
500k,187,144.82758620689654
500k,188,142.3728813559322
500k,189,140.0
500k,190,140.0
500k,191,140.0
500k,192,140.0
500k,193,140.0
500k,194,139.34426229508196
500k,195,139.34426229508196
500k,196,139.34426229508196
500k,197,139.34426229508196
500k,198,141.93548387096774
100k,0,400.0
100k,1,400.0
100k,2,200.0
100k,3,200.0
100k,4,200.0
100k,5,133.33333333333334
100k,6,133.33333333333334
100k,7,133.33333333333334
100k,8,133.33333333333334
100k,9,200.0
100k,10,200.0
100k,11,160.0
100k,12,160.0
100k,13,160.0
100k,14,160.0
100k,15,183.33333333333334
100k,16,183.33333333333334
100k,17,157.14285714285714
100k,18,137.5
100k,19,137.5
100k,20,122.22222222222223
100k,21,110.0
100k,22,110.0
100k,23,100.0
100k,24,100.0
100k,25,100.0
100k,26,108.33333333333333
100k,27,107.6923076923077
100k,28,107.6923076923077
100k,29,107.6923076923077
100k,30,107.6923076923077
100k,31,107.6923076923077
100k,32,114.28571428571429
100k,33,114.28571428571429
100k,34,106.66666666666667
100k,35,106.66666666666667
100k,36,106.66666666666667
100k,37,106.66666666666667
100k,38,106.25
100k,39,106.25
100k,40,100.0
100k,41,94.44444444444444
100k,42,94.44444444444444
100k,43,94.44444444444444
100k,44,94.44444444444444
100k,45,94.44444444444444
100k,46,105.26315789473684
100k,47,105.26315789473684
100k,48,105.26315789473684
100k,49,105.26315789473684
100k,50,110.0
100k,51,110.0
100k,52,110.0
100k,53,110.0
100k,54,110.0
100k,55,110.0
100k,56,110.0
100k,57,128.57142857142858
100k,58,128.57142857142858
100k,59,122.72727272727273
100k,60,122.72727272727273
100k,61,117.3913043478261
100k,62,117.3913043478261
100k,63,117.3913043478261
100k,64,117.3913043478261
100k,65,117.3913043478261
100k,66,117.3913043478261
100k,67,117.3913043478261
100k,68,117.3913043478261
100k,69,117.3913043478261
100k,70,117.3913043478261
100k,71,145.83333333333334
100k,72,145.83333333333334
100k,73,145.83333333333334
100k,74,140.0
100k,75,140.0
100k,76,140.0
100k,77,140.0
100k,78,146.15384615384616
100k,79,146.15384615384616
100k,80,146.15384615384616
100k,81,146.15384615384616
100k,82,146.15384615384616
100k,83,146.15384615384616
100k,84,148.14814814814815
100k,85,148.14814814814815
100k,86,148.14814814814815
100k,87,148.14814814814815
100k,88,153.57142857142858
100k,89,153.57142857142858
100k,90,153.57142857142858
100k,91,155.17241379310346
100k,92,155.17241379310346
100k,93,155.17241379310346
100k,94,155.17241379310346
100k,95,156.66666666666666
100k,96,156.66666666666666
100k,97,156.66666666666666
100k,98,156.66666666666666
100k,99,156.66666666666666
100k,100,154.83870967741936
100k,101,154.83870967741936
100k,102,154.83870967741936
100k,103,154.83870967741936
100k,104,154.83870967741936
100k,105,154.83870967741936
100k,106,154.83870967741936
100k,107,154.83870967741936
100k,108,154.83870967741936
100k,109,154.83870967741936
100k,110,154.83870967741936
100k,111,154.83870967741936
100k,112,154.83870967741936
100k,113,154.83870967741936
100k,114,154.83870967741936
100k,115,154.83870967741936
100k,116,154.83870967741936
100k,117,168.75
100k,118,168.75
100k,119,168.75
100k,120,168.75
100k,121,172.72727272727272
100k,122,172.72727272727272
100k,123,172.72727272727272
100k,124,172.72727272727272
100k,125,176.47058823529412
100k,126,176.47058823529412
100k,127,176.47058823529412
100k,128,177.14285714285714
100k,129,177.14285714285714
100k,130,177.14285714285714
100k,131,177.14285714285714
100k,132,177.14285714285714
100k,133,177.77777777777777
100k,134,177.77777777777777
100k,135,177.77777777777777
100k,136,172.97297297297297
100k,137,172.97297297297297
100k,138,172.97297297297297
100k,139,172.97297297297297
100k,140,172.97297297297297
100k,141,176.31578947368422
100k,142,176.31578947368422
100k,143,176.31578947368422
100k,144,176.31578947368422
100k,145,179.48717948717947
100k,146,179.48717948717947
100k,147,179.48717948717947
100k,148,179.48717948717947
100k,149,179.48717948717947
100k,150,180.0
100k,151,180.0
100k,152,180.0
100k,153,180.0
100k,154,182.9268292682927
100k,155,182.9268292682927
100k,156,182.9268292682927
100k,157,182.9268292682927
100k,158,182.9268292682927
100k,159,185.71428571428572
100k,160,185.71428571428572
100k,161,186.04651162790697
100k,162,186.04651162790697
100k,163,186.04651162790697
100k,164,186.04651162790697
100k,165,186.04651162790697
100k,166,186.36363636363637
100k,167,186.36363636363637
100k,168,186.36363636363637
100k,169,186.36363636363637
100k,170,188.88888888888889
100k,171,188.88888888888889
100k,172,188.88888888888889
100k,173,188.88888888888889
100k,174,191.30434782608697
100k,175,191.30434782608697
100k,176,191.30434782608697
100k,177,191.30434782608697
100k,178,191.30434782608697
100k,179,193.61702127659575
100k,180,193.61702127659575
100k,181,193.61702127659575
100k,182,193.61702127659575
100k,183,195.83333333333334
100k,184,195.83333333333334
100k,185,195.83333333333334
100k,186,195.83333333333334
100k,187,197.9591836734694
100k,188,197.9591836734694
100k,189,197.9591836734694
100k,190,197.9591836734694
100k,191,197.9591836734694
100k,192,200.0
100k,193,200.0
50k,0,500.0
50k,1,500.0
50k,2,500.0
50k,3,300.0
50k,4,300.0
50k,5,300.0
50k,6,233.33333333333334
50k,7,233.33333333333334
50k,8,200.0
50k,9,200.0
50k,10,200.0
50k,11,180.0
50k,12,180.0
50k,13,180.0
50k,14,180.0
50k,15,180.0
50k,16,200.0
50k,17,171.42857142857142
50k,18,171.42857142857142
50k,19,171.42857142857142
50k,20,171.42857142857142
50k,21,171.42857142857142
50k,22,162.5
50k,23,162.5
50k,24,162.5
50k,25,162.5
50k,26,155.55555555555554
50k,27,140.0
50k,28,140.0
50k,29,127.27272727272727
50k,30,127.27272727272727
50k,31,116.66666666666667
50k,32,115.38461538461539
50k,33,115.38461538461539
50k,34,115.38461538461539
50k,35,115.38461538461539
50k,36,115.38461538461539
50k,37,128.57142857142858
50k,38,128.57142857142858
50k,39,128.57142857142858
50k,40,128.57142857142858
50k,41,140.0
50k,42,140.0
50k,43,140.0
50k,44,140.0
50k,45,156.25
50k,46,156.25
50k,47,147.05882352941177
50k,48,147.05882352941177
50k,49,147.05882352941177
50k,50,147.05882352941177
50k,51,150.0
50k,52,150.0
50k,53,142.10526315789474
50k,54,140.0
50k,55,140.0
50k,56,138.0952380952381
50k,57,138.0952380952381
50k,58,138.0952380952381
50k,59,138.0952380952381
50k,60,138.0952380952381
50k,61,136.36363636363637
50k,62,136.36363636363637
50k,63,136.36363636363637
50k,64,136.36363636363637
50k,65,136.36363636363637
50k,66,143.47826086956522
50k,67,143.47826086956522
50k,68,143.47826086956522
50k,69,143.47826086956522
50k,70,150.0
50k,71,150.0
50k,72,150.0
50k,73,148.0
50k,74,148.0
50k,75,146.15384615384616
50k,76,144.44444444444446
50k,77,144.44444444444446
50k,78,144.44444444444446
50k,79,144.44444444444446
50k,80,144.44444444444446
50k,81,142.85714285714286
50k,82,137.93103448275863
50k,83,137.93103448275863
50k,84,133.33333333333334
50k,85,133.33333333333334
50k,86,133.33333333333334
50k,87,133.33333333333334
50k,88,133.33333333333334
50k,89,138.70967741935485
50k,90,138.70967741935485
50k,91,134.375
50k,92,133.33333333333334
50k,93,133.33333333333334
50k,94,133.33333333333334
50k,95,132.35294117647058
50k,96,132.35294117647058
50k,97,128.57142857142858
50k,98,125.0
50k,99,125.0
50k,100,121.62162162162163
50k,101,121.62162162162163
50k,102,121.62162162162163
50k,103,121.62162162162163
50k,104,126.3157894736842
50k,105,126.3157894736842
50k,106,126.3157894736842
50k,107,126.3157894736842
50k,108,126.3157894736842
50k,109,130.76923076923077
50k,110,130.76923076923077
50k,111,130.76923076923077
50k,112,130.76923076923077
50k,113,135.0
50k,114,135.0
50k,115,135.0
50k,116,135.0
50k,117,136.58536585365854
50k,118,136.58536585365854
50k,119,136.58536585365854
50k,120,136.58536585365854
50k,121,138.0952380952381
50k,122,138.0952380952381
50k,123,138.0952380952381
50k,124,137.2093023255814
50k,125,137.2093023255814
50k,126,137.2093023255814
50k,127,137.2093023255814
50k,128,140.9090909090909
50k,129,140.9090909090909
50k,130,140.9090909090909
50k,131,140.9090909090909
50k,132,140.9090909090909
50k,133,144.44444444444446
50k,134,144.44444444444446
50k,135,144.44444444444446
50k,136,144.44444444444446
50k,137,144.44444444444446
50k,138,150.0
50k,139,150.0
50k,140,150.0
50k,141,150.0
50k,142,153.19148936170214
50k,143,153.19148936170214
50k,144,153.19148936170214
50k,145,154.16666666666666
50k,146,154.16666666666666
50k,147,154.16666666666666
50k,148,154.16666666666666
50k,149,154.16666666666666
50k,150,155.10204081632654
50k,151,155.10204081632654
50k,152,155.10204081632654
50k,153,155.10204081632654
50k,154,155.10204081632654
50k,155,156.0
50k,156,156.0
50k,157,156.0
50k,158,156.0
50k,159,158.8235294117647
50k,160,158.8235294117647
50k,161,155.76923076923077
50k,162,155.76923076923077
50k,163,152.83018867924528
50k,164,152.83018867924528
50k,165,151.85185185185185
50k,166,151.85185185185185
50k,167,151.85185185185185
50k,168,151.85185185185185
50k,169,152.72727272727272
50k,170,152.72727272727272
50k,171,152.72727272727272
50k,172,153.57142857142858
50k,173,153.57142857142858
50k,174,153.57142857142858
50k,175,153.57142857142858
50k,176,154.3859649122807
50k,177,154.3859649122807
50k,178,155.17241379310346
50k,179,155.17241379310346
50k,180,154.23728813559322
50k,181,154.23728813559322
50k,182,154.23728813559322
50k,183,155.0
50k,184,155.0
50k,185,155.0
50k,186,155.0
50k,187,159.01639344262296
50k,188,159.01639344262296
50k,189,159.01639344262296
50k,190,162.90322580645162
50k,191,162.90322580645162
50k,192,161.9047619047619
10k,0,200.0
10k,1,200.0
10k,2,200.0
10k,3,200.0
10k,4,200.0
10k,5,166.66666666666666
10k,6,166.66666666666666
10k,7,175.0
10k,8,175.0
10k,9,160.0
10k,10,160.0
10k,11,133.33333333333334
10k,12,114.28571428571429
10k,13,114.28571428571429
10k,14,114.28571428571429
10k,15,114.28571428571429
10k,16,114.28571428571429
10k,17,100.0
10k,18,100.0
10k,19,100.0
10k,20,100.0
10k,21,100.0
10k,22,100.0
10k,23,100.0
10k,24,100.0
10k,25,100.0
10k,26,90.9090909090909
10k,27,90.9090909090909
10k,28,90.9090909090909
10k,29,90.9090909090909
10k,30,91.66666666666667
10k,31,91.66666666666667
10k,32,91.66666666666667
10k,33,91.66666666666667
10k,34,107.6923076923077
10k,35,107.6923076923077
10k,36,100.0
10k,37,93.33333333333333
10k,38,93.33333333333333
10k,39,93.33333333333333
10k,40,100.0
10k,41,100.0
10k,42,100.0
10k,43,100.0
10k,44,100.0
10k,45,105.88235294117646
10k,46,100.0
10k,47,100.0
10k,48,94.73684210526316
10k,49,95.0
10k,50,95.0
10k,51,95.0
10k,52,95.0
10k,53,95.0
10k,54,95.0
10k,55,100.0
10k,56,100.0
10k,57,100.0
10k,58,100.0
10k,59,100.0
10k,60,100.0
10k,61,104.54545454545455
10k,62,104.54545454545455
10k,63,104.54545454545455
10k,64,104.34782608695652
10k,65,100.0
10k,66,100.0
10k,67,100.0
10k,68,100.0
10k,69,96.0
10k,70,96.0
10k,71,96.0
10k,72,96.0
10k,73,96.0
10k,74,100.0
10k,75,100.0
10k,76,100.0
10k,77,100.0
10k,78,100.0
10k,79,103.70370370370371
10k,80,103.70370370370371
10k,81,103.70370370370371
10k,82,103.70370370370371
10k,83,100.0
10k,84,100.0
10k,85,100.0
10k,86,96.55172413793103
10k,87,96.55172413793103
10k,88,96.66666666666667
10k,89,96.66666666666667
10k,90,96.66666666666667
10k,91,100.0
10k,92,100.0
10k,93,100.0
10k,94,100.0
10k,95,100.0
10k,96,100.0
10k,97,100.0
10k,98,100.0
10k,99,106.06060606060606
10k,100,106.06060606060606
10k,101,106.06060606060606
10k,102,106.06060606060606
10k,103,106.06060606060606
10k,104,108.82352941176471
10k,105,108.82352941176471
10k,106,108.82352941176471
10k,107,108.82352941176471
10k,108,114.28571428571429
10k,109,114.28571428571429
10k,110,114.28571428571429
10k,111,114.28571428571429
10k,112,114.28571428571429
10k,113,119.44444444444444
10k,114,119.44444444444444
10k,115,119.44444444444444
10k,116,119.44444444444444
10k,117,124.32432432432432
10k,118,124.32432432432432
10k,119,123.6842105263158
10k,120,123.07692307692308
10k,121,123.07692307692308
10k,122,123.07692307692308
10k,123,123.07692307692308
10k,124,123.07692307692308
10k,125,125.0
10k,126,121.95121951219512
10k,127,121.95121951219512
10k,128,121.95121951219512
10k,129,121.95121951219512
10k,130,121.95121951219512
10k,131,123.80952380952381
10k,132,123.80952380952381
10k,133,123.25581395348837
10k,134,123.25581395348837
10k,135,123.25581395348837
10k,136,123.25581395348837
10k,137,123.25581395348837
10k,138,123.25581395348837
10k,139,123.25581395348837
10k,140,131.8181818181818
10k,141,131.8181818181818
10k,142,131.8181818181818
10k,143,131.8181818181818
10k,144,131.8181818181818
10k,145,135.55555555555554
10k,146,135.55555555555554
10k,147,135.55555555555554
10k,148,135.55555555555554
10k,149,135.55555555555554
10k,150,135.55555555555554
10k,151,135.55555555555554
10k,152,143.47826086956522
10k,153,143.47826086956522
10k,154,143.47826086956522
10k,155,143.47826086956522
10k,156,144.68085106382978
10k,157,144.68085106382978
10k,158,144.68085106382978
10k,159,144.68085106382978
10k,160,144.68085106382978
10k,161,145.83333333333334
10k,162,145.83333333333334
10k,163,145.83333333333334
10k,164,145.83333333333334
10k,165,148.9795918367347
10k,166,148.9795918367347
10k,167,148.9795918367347
10k,168,148.9795918367347
10k,169,148.9795918367347
10k,170,150.0
10k,171,150.0
10k,172,150.98039215686273
10k,173,150.98039215686273
10k,174,150.0
10k,175,150.0
10k,176,150.0
10k,177,150.0
10k,178,152.83018867924528
10k,179,152.83018867924528
10k,180,151.85185185185185
10k,181,151.85185185185185
10k,182,150.9090909090909
10k,183,150.9090909090909
10k,184,150.9090909090909
10k,185,150.9090909090909
10k,186,153.57142857142858
10k,187,153.57142857142858
10k,188,153.57142857142858
10k,189,153.57142857142858
10k,190,153.57142857142858
10k,191,153.57142857142858
10k,192,153.57142857142858
10k,193,153.57142857142858
10k,194,153.57142857142858
5k,0,200.0
5k,1,200.0
5k,2,200.0
5k,3,200.0
5k,4,200.0
5k,5,200.0
5k,6,200.0
5k,7,200.0
5k,8,200.0
5k,9,133.33333333333334
5k,10,100.0
5k,11,100.0
5k,12,80.0
5k,13,80.0
5k,14,80.0
5k,15,80.0
5k,16,80.0
5k,17,66.66666666666667
5k,18,57.142857142857146
5k,19,57.142857142857146
5k,20,50.0
5k,21,50.0
5k,22,50.0
5k,23,50.0
5k,24,77.77777777777777
5k,25,77.77777777777777
5k,26,77.77777777777777
5k,27,90.0
5k,28,90.0
5k,29,90.0
5k,30,90.9090909090909
5k,31,90.9090909090909
5k,32,90.9090909090909
5k,33,90.9090909090909
5k,34,108.33333333333333
5k,35,108.33333333333333
5k,36,108.33333333333333
5k,37,108.33333333333333
5k,38,108.33333333333333
5k,39,123.07692307692308
5k,40,123.07692307692308
5k,41,123.07692307692308
5k,42,123.07692307692308
5k,43,135.71428571428572
5k,44,135.71428571428572
5k,45,135.71428571428572
5k,46,135.71428571428572
5k,47,135.71428571428572
5k,48,135.71428571428572
5k,49,135.71428571428572
5k,50,160.0
5k,51,160.0
5k,52,160.0
5k,53,160.0
5k,54,160.0
5k,55,160.0
5k,56,162.5
5k,57,162.5
5k,58,162.5
5k,59,162.5
5k,60,162.5
5k,61,162.5
5k,62,162.5
5k,63,162.5
5k,64,162.5
5k,65,162.5
5k,66,162.5
5k,67,162.5
5k,68,162.5
5k,69,162.5
5k,70,188.23529411764707
5k,71,188.23529411764707
5k,72,188.23529411764707
5k,73,188.23529411764707
5k,74,188.23529411764707
5k,75,188.88888888888889
5k,76,188.88888888888889
5k,77,188.88888888888889
5k,78,188.88888888888889
5k,79,188.88888888888889
5k,80,188.88888888888889
5k,81,188.88888888888889
5k,82,205.26315789473685
5k,83,205.26315789473685
5k,84,205.26315789473685
5k,85,205.26315789473685
5k,86,205.26315789473685
5k,87,205.26315789473685
5k,88,205.26315789473685
5k,89,220.0
5k,90,220.0
5k,91,220.0
5k,92,220.0
5k,93,223.8095238095238
5k,94,223.8095238095238
5k,95,223.8095238095238
5k,96,223.8095238095238
5k,97,223.8095238095238
5k,98,227.27272727272728
5k,99,227.27272727272728
5k,100,227.27272727272728
5k,101,227.27272727272728
5k,102,227.27272727272728
5k,103,227.27272727272728
5k,104,226.08695652173913
5k,105,226.08695652173913
5k,106,226.08695652173913
5k,107,226.08695652173913
5k,108,229.16666666666666
5k,109,229.16666666666666
5k,110,229.16666666666666
5k,111,229.16666666666666
5k,112,229.16666666666666
5k,113,229.16666666666666
5k,114,229.16666666666666
5k,115,240.0
5k,116,240.0
5k,117,240.0
5k,118,240.0
5k,119,242.30769230769232
5k,120,242.30769230769232
5k,121,242.30769230769232
5k,122,242.30769230769232
5k,123,242.30769230769232
5k,124,244.44444444444446
5k,125,244.44444444444446
5k,126,244.44444444444446
5k,127,244.44444444444446
5k,128,246.42857142857142
5k,129,246.42857142857142
5k,130,246.42857142857142
5k,131,246.42857142857142
5k,132,246.42857142857142
5k,133,246.42857142857142
5k,134,246.42857142857142
5k,135,255.17241379310346
5k,136,255.17241379310346
5k,137,255.17241379310346
5k,138,255.17241379310346
5k,139,255.17241379310346
5k,140,255.17241379310346
5k,141,253.33333333333334
5k,142,253.33333333333334
5k,143,253.33333333333334
5k,144,253.33333333333334
5k,145,253.33333333333334
5k,146,253.33333333333334
5k,147,253.33333333333334
5k,148,261.2903225806452
5k,149,261.2903225806452
5k,150,261.2903225806452
5k,151,261.2903225806452
5k,152,262.5
5k,153,262.5
5k,154,262.5
5k,155,262.5
5k,156,262.5
5k,157,260.6060606060606
5k,158,260.6060606060606
5k,159,260.6060606060606
5k,160,260.6060606060606
5k,161,261.7647058823529
5k,162,261.7647058823529
5k,163,261.7647058823529
5k,164,261.7647058823529
5k,165,261.7647058823529
5k,166,260.0
5k,167,260.0
5k,168,260.0
5k,169,260.0
5k,170,261.1111111111111
5k,171,261.1111111111111
5k,172,261.1111111111111
5k,173,261.1111111111111
5k,174,261.1111111111111
5k,175,259.4594594594595
5k,176,259.4594594594595
5k,177,259.4594594594595
5k,178,259.4594594594595
5k,179,260.5263157894737
5k,180,260.5263157894737
5k,181,260.5263157894737
5k,182,260.5263157894737
5k,183,260.5263157894737
5k,184,258.97435897435895
5k,185,258.97435897435895
5k,186,258.97435897435895
5k,187,258.97435897435895
5k,188,260.0
5k,189,260.0
5k,190,260.0
5k,191,260.0
5k,192,260.9756097560976
5k,193,260.9756097560976
5k,194,260.9756097560976
5k,195,260.9756097560976
5k,196,260.9756097560976
5k,197,259.5238095238095
1k,0,400.0
1k,1,400.0
1k,2,250.0
1k,3,250.0
1k,4,166.66666666666666
1k,5,166.66666666666666
1k,6,125.0
1k,7,100.0
1k,8,100.0
1k,9,100.0
1k,10,100.0
1k,11,133.33333333333334
1k,12,133.33333333333334
1k,13,133.33333333333334
1k,14,133.33333333333334
1k,15,133.33333333333334
1k,16,157.14285714285714
1k,17,157.14285714285714
1k,18,157.14285714285714
1k,19,157.14285714285714
1k,20,175.0
1k,21,175.0
1k,22,175.0
1k,23,175.0
1k,24,188.88888888888889
1k,25,188.88888888888889
1k,26,188.88888888888889
1k,27,188.88888888888889
1k,28,188.88888888888889
1k,29,200.0
1k,30,200.0
1k,31,200.0
1k,32,200.0
1k,33,209.0909090909091
1k,34,209.0909090909091
1k,35,209.0909090909091
1k,36,209.0909090909091
1k,37,216.66666666666666
1k,38,216.66666666666666
1k,39,216.66666666666666
1k,40,216.66666666666666
1k,41,216.66666666666666
1k,42,223.07692307692307
1k,43,223.07692307692307
1k,44,223.07692307692307
1k,45,223.07692307692307
1k,46,228.57142857142858
1k,47,228.57142857142858
1k,48,228.57142857142858
1k,49,228.57142857142858
1k,50,233.33333333333334
1k,51,233.33333333333334
1k,52,233.33333333333334
1k,53,233.33333333333334
1k,54,237.5
1k,55,237.5
1k,56,237.5
1k,57,237.5
1k,58,237.5
1k,59,241.1764705882353
1k,60,241.1764705882353
1k,61,241.1764705882353
1k,62,241.1764705882353
1k,63,244.44444444444446
1k,64,244.44444444444446
1k,65,244.44444444444446
1k,66,244.44444444444446
1k,67,247.3684210526316
1k,68,247.3684210526316
1k,69,247.3684210526316
1k,70,247.3684210526316
1k,71,247.3684210526316
1k,72,250.0
1k,73,250.0
1k,74,250.0
1k,75,250.0
1k,76,252.38095238095238
1k,77,252.38095238095238
1k,78,252.38095238095238
1k,79,252.38095238095238
1k,80,254.54545454545453
1k,81,254.54545454545453
1k,82,254.54545454545453
1k,83,254.54545454545453
1k,84,254.54545454545453
1k,85,256.5217391304348
1k,86,256.5217391304348
1k,87,256.5217391304348
1k,88,256.5217391304348
1k,89,258.3333333333333
1k,90,258.3333333333333
1k,91,258.3333333333333
1k,92,258.3333333333333
1k,93,260.0
1k,94,260.0
1k,95,260.0
1k,96,260.0
1k,97,261.53846153846155
1k,98,261.53846153846155
1k,99,261.53846153846155
1k,100,261.53846153846155
1k,101,261.53846153846155
1k,102,262.962962962963
1k,103,262.962962962963
1k,104,262.962962962963
1k,105,262.962962962963
1k,106,264.2857142857143
1k,107,264.2857142857143
1k,108,264.2857142857143
1k,109,264.2857142857143
1k,110,265.51724137931035
1k,111,265.51724137931035
1k,112,265.51724137931035
1k,113,265.51724137931035
1k,114,265.51724137931035
1k,115,266.6666666666667
1k,116,266.6666666666667
1k,117,266.6666666666667
1k,118,266.6666666666667
1k,119,267.741935483871
1k,120,267.741935483871
1k,121,267.741935483871
1k,122,267.741935483871
1k,123,268.75
1k,124,268.75
1k,125,268.75
1k,126,268.75
1k,127,268.75
1k,128,269.6969696969697
1k,129,269.6969696969697
1k,130,269.6969696969697
1k,131,269.6969696969697
1k,132,270.5882352941176
1k,133,270.5882352941176
1k,134,270.5882352941176
1k,135,270.5882352941176
1k,136,271.42857142857144
1k,137,271.42857142857144
1k,138,271.42857142857144
1k,139,271.42857142857144
1k,140,272.22222222222223
1k,141,272.22222222222223
1k,142,272.22222222222223
1k,143,272.22222222222223
1k,144,272.22222222222223
1k,145,272.97297297297297
1k,146,272.97297297297297
1k,147,272.97297297297297
1k,148,272.97297297297297
1k,149,273.6842105263158
1k,150,273.6842105263158
1k,151,273.6842105263158
1k,152,273.6842105263158
1k,153,274.35897435897436
1k,154,274.35897435897436
1k,155,274.35897435897436
1k,156,274.35897435897436
1k,157,274.35897435897436
1k,158,275.0
1k,159,275.0
1k,160,275.0
1k,161,275.0
1k,162,275.609756097561
1k,163,275.609756097561
1k,164,275.609756097561
1k,165,275.609756097561
1k,166,276.1904761904762
1k,167,276.1904761904762
1k,168,276.1904761904762
1k,169,276.1904761904762
1k,170,276.1904761904762
1k,171,276.74418604651163
1k,172,276.74418604651163
1k,173,276.74418604651163
1k,174,276.74418604651163
1k,175,277.27272727272725
1k,176,277.27272727272725
1k,177,277.27272727272725
1k,178,277.27272727272725
1k,179,277.77777777777777
1k,180,277.77777777777777
1k,181,277.77777777777777
1k,182,277.77777777777777
1k,183,278.2608695652174
1k,184,278.2608695652174
1k,185,278.2608695652174
1k,186,278.2608695652174
1k,187,278.2608695652174
1k,188,278.72340425531917
1k,189,278.72340425531917
1k,190,278.72340425531917
1k,191,278.72340425531917
1k,192,279.1666666666667
1k,193,279.1666666666667
1k,194,279.1666666666667
500,0,300.0
500,1,300.0
500,2,300.0
500,3,300.0
500,4,300.0
500,5,300.0
500,6,350.0
500,7,350.0
500,8,266.6666666666667
500,9,266.6666666666667
500,10,266.6666666666667
500,11,225.0
500,12,225.0
500,13,225.0
500,14,200.0
500,15,200.0
500,16,200.0
500,17,183.33333333333334
500,18,183.33333333333334
500,19,171.42857142857142
500,20,171.42857142857142
500,21,171.42857142857142
500,22,162.5
500,23,162.5
500,24,162.5
500,25,155.55555555555554
500,26,155.55555555555554
500,27,150.0
500,28,150.0
500,29,150.0
500,30,145.45454545454547
500,31,145.45454545454547
500,32,145.45454545454547
500,33,141.66666666666666
500,34,141.66666666666666
500,35,141.66666666666666
500,36,138.46153846153845
500,37,138.46153846153845
500,38,135.71428571428572
500,39,135.71428571428572
500,40,135.71428571428572
500,41,133.33333333333334
500,42,133.33333333333334
500,43,133.33333333333334
500,44,131.25
500,45,131.25
500,46,131.25
500,47,129.41176470588235
500,48,129.41176470588235
500,49,127.77777777777777
500,50,127.77777777777777
500,51,127.77777777777777
500,52,126.3157894736842
500,53,126.3157894736842
500,54,126.3157894736842
500,55,125.0
500,56,125.0
500,57,125.0
500,58,123.80952380952381
500,59,123.80952380952381
500,60,122.72727272727273
500,61,122.72727272727273
500,62,122.72727272727273
500,63,121.73913043478261
500,64,121.73913043478261
500,65,121.73913043478261
500,66,120.83333333333333
500,67,120.83333333333333
500,68,120.83333333333333
500,69,120.0
500,70,120.0
500,71,119.23076923076923
500,72,119.23076923076923
500,73,119.23076923076923
500,74,118.51851851851852
500,75,118.51851851851852
500,76,118.51851851851852
500,77,117.85714285714286
500,78,117.85714285714286
500,79,117.85714285714286
500,80,117.24137931034483
500,81,117.24137931034483
500,82,116.66666666666667
500,83,116.66666666666667
500,84,116.66666666666667
500,85,116.12903225806451
500,86,116.12903225806451
500,87,116.12903225806451
500,88,115.625
500,89,115.625
500,90,115.625
500,91,115.15151515151516
500,92,115.15151515151516
500,93,114.70588235294117
500,94,114.70588235294117
500,95,114.70588235294117
500,96,114.28571428571429
500,97,114.28571428571429
500,98,114.28571428571429
500,99,113.88888888888889
500,100,113.88888888888889
500,101,113.88888888888889
500,102,113.51351351351352
500,103,113.51351351351352
500,104,113.15789473684211
500,105,113.15789473684211
500,106,113.15789473684211
500,107,112.82051282051282
500,108,112.82051282051282
500,109,112.82051282051282
500,110,112.5
500,111,112.5
500,112,112.5
500,113,112.1951219512195
500,114,112.1951219512195
500,115,111.9047619047619
500,116,111.9047619047619
500,117,111.9047619047619
500,118,111.62790697674419
500,119,111.62790697674419
500,120,111.62790697674419
500,121,111.36363636363636
500,122,111.36363636363636
500,123,111.36363636363636
500,124,111.11111111111111
500,125,111.11111111111111
500,126,110.8695652173913
500,127,110.8695652173913
500,128,110.8695652173913
500,129,110.63829787234043
500,130,110.63829787234043
500,131,110.63829787234043
500,132,110.41666666666667
500,133,110.41666666666667
500,134,110.41666666666667
500,135,110.20408163265306
500,136,110.20408163265306
500,137,110.0
500,138,110.0
500,139,110.0
500,140,109.80392156862744
500,141,109.80392156862744
500,142,109.80392156862744
500,143,109.61538461538461
500,144,109.61538461538461
500,145,109.61538461538461
500,146,109.43396226415095
500,147,109.43396226415095
500,148,109.25925925925925
500,149,109.25925925925925
500,150,109.25925925925925
500,151,109.0909090909091
500,152,109.0909090909091
500,153,109.0909090909091
500,154,108.92857142857143
500,155,108.92857142857143
500,156,108.92857142857143
500,157,108.7719298245614
500,158,108.7719298245614
500,159,108.62068965517241
500,160,108.62068965517241
500,161,108.62068965517241
500,162,108.47457627118644
500,163,108.47457627118644
500,164,108.47457627118644
500,165,108.33333333333333
500,166,108.33333333333333
500,167,108.19672131147541
500,168,108.19672131147541
500,169,108.19672131147541
500,170,108.06451612903226
500,171,108.06451612903226
500,172,108.06451612903226
500,173,107.93650793650794
500,174,107.93650793650794
500,175,107.93650793650794
500,176,107.8125
500,177,107.8125
500,178,107.6923076923077
500,179,107.6923076923077
500,180,107.6923076923077
500,181,107.57575757575758
500,182,107.57575757575758
500,183,107.57575757575758
500,184,107.46268656716418
500,185,107.46268656716418
500,186,107.46268656716418
500,187,107.3529411764706
500,188,107.3529411764706
500,189,107.2463768115942
500,190,107.2463768115942
500,191,107.2463768115942
500,192,107.14285714285714
500,193,107.14285714285714
500,194,107.14285714285714
500,195,107.04225352112677
